<?xml version="1.0" encoding="UTF-8"?>
<alert>
<title>Ruby on Rails Error Detected</title>
	
	<class>Information</class>
	<severity>Medium</severity>		
	
	<impact>A Ruby on Rails error has been detected. This could indicate badly written code, and could disclose sensitive information.</impact>

  <remediation>The developer should investigate the error to determine its nature and ensure that it does not represent a vulnerability.</remediation>
  <remediation>Ensure that the application is running in a production environment.</remediation>


</alert>
